Meter_ID,Coordinates,Nominal_Voltage,PL_ID
KZ-1001,"40.2695936,20.7406296",400kV,KZ-100
TH-1001,"51.2698936,36.7406286",400kV,TH-100
TH-2022,"40.2695936,25.7456296",150kV,TH-200
TH-3009,"75.2695836,22.7406596",20kV,TH-300
TH-4002,"46.2693536,21.7405296",0.4kV,TH-400
TH-4403,"66.2695036,32.7406496",0.4kV,TH-440
